{"Personal Data Export for admin@lifeisasimulation.run":{"about":{"group_label":"About","group_description":"Overview of export report.","items":{"about-1":[{"name":"Report generated for","value":"admin@lifeisasimulation.run"},{"name":"For site","value":"MTHRFCKR"},{"name":"At URL","value":"https:\/\/whoisdsmith.ctrlaltback.space"},{"name":"On","value":"2022-08-08 16:21:18"}]}},"user":{"group_label":"User","group_description":"User&#8217;s profile data.","items":{"user-3":[{"name":"User ID","value":"3"},{"name":"User Login Name","value":"f4ultyc0d3"},{"name":"User Nice Name","value":"f4ultyc0d3"},{"name":"User Email","value":"admin@lifeisasimulation.run"},{"name":"User Registration Date","value":"2022-08-08 16:15:52"},{"name":"User Display Name","value":"Dsmith"},{"name":"User Nickname","value":"f4ultyc0d3"},{"name":"User First Name","value":"Dustin"},{"name":"User Last Name","value":"Smith"}]}},"media":{"group_label":"Media","group_description":"User&#8217;s media data.","items":{"post-8":[{"name":"URL","value":"https:\/\/whoisdsmith.ctrlaltback.space\/wp-content\/uploads\/2022\/03\/17352257-0b51-4c60-8232-501d01f6304a.png"}],"post-940":[{"name":"URL","value":"https:\/\/whoisdsmith.ctrlaltback.space\/wp-content\/uploads\/2022\/03\/qi-bin-w4hbafegiac-unsplash.jpg"}],"post-941":[{"name":"URL","value":"https:\/\/whoisdsmith.ctrlaltback.space\/wp-content\/uploads\/2022\/03\/e312f57e-4c4f-40e5-82ae-f73c57a3c545.png"}],"post-951":[{"name":"URL","value":"https:\/\/whoisdsmith.ctrlaltback.space\/wp-content\/uploads\/2022\/03\/56f1a-16vipwvgmajh5ds2vhsloow.jpeg"}],"post-954":[{"name":"URL","value":"https:\/\/whoisdsmith.ctrlaltback.space\/wp-content\/uploads\/2022\/03\/b671c-1pq0y-sfp50skknew5lgoda.png"}],"post-955":[{"name":"URL","value":"https:\/\/whoisdsmith.ctrlaltback.space\/wp-content\/uploads\/2022\/03\/35cf7-1jgljmkke1mprwe7o6c_cew.png"}],"post-961":[{"name":"URL","value":"https:\/\/whoisdsmith.ctrlaltback.space\/wp-content\/uploads\/2022\/03\/cropped-e312f57e-4c4f-40e5-82ae-f73c57a3c545.png"}],"post-962":[{"name":"URL","value":"https:\/\/whoisdsmith.ctrlaltback.space\/wp-content\/uploads\/2022\/03\/cropped-e312f57e-4c4f-40e5-82ae-f73c57a3c545-1.png"}],"post-963":[{"name":"URL","value":"https:\/\/whoisdsmith.ctrlaltback.space\/wp-content\/uploads\/2022\/03\/image.jpg"}],"post-964":[{"name":"URL","value":"https:\/\/whoisdsmith.ctrlaltback.space\/wp-content\/uploads\/2022\/03\/image-1.jpg"}],"post-965":[{"name":"URL","value":"https:\/\/whoisdsmith.ctrlaltback.space\/wp-content\/uploads\/2022\/03\/cropped-image-1.jpg"}]}}}}